fps,policy_loss,policy_entropy,total_timesteps,time_elapsed,explained_variance,approxkl,value_loss,clipfrac,serial_timesteps,n_updates,ep_reward_mean,ep_len_mean
1362,-0.00021325606,2.995728,2048,2.6226043701171875e-06,0.019336462020874023,6.9151747e-07,27.471766,0.0,2048,1,,
2013,-0.00016622801,2.9957275,4096,1.503739833831787,0.0189056396484375,6.1882156e-07,30.399807,0.0,4096,2,,
2075,-0.00014399912,2.9957263,6144,2.521044969558716,-0.04893505573272705,5.5467524e-07,31.778854,0.0,6144,3,,
2224,-0.00014400673,2.9957242,8192,3.5079269409179688,0.024018704891204834,4.7075895e-07,33.20989,0.0,8192,4,,
2038,-0.0001481309,2.9957235,10240,4.428976774215698,0.017158687114715576,5.261927e-07,29.11347,0.0,10240,5,4608.0,9999.0
2362,-0.00016467832,2.9957147,12288,5.454422950744629,-0.005815982818603516,6.3439063e-07,28.535303,0.0,12288,6,4608.0,9999.0
1984,-0.0001526573,2.9957058,14336,6.321572780609131,0.018988609313964844,6.4561493e-07,27.452112,0.0,14336,7,4608.0,9999.0
2173,-0.00014564066,2.9956982,16384,7.354196786880493,0.015146255493164062,5.382011e-07,30.508972,0.0,16384,8,4608.0,9999.0
2297,-0.00015232542,2.9956832,18432,8.296994686126709,0.011278867721557617,6.1251797e-07,31.296118,0.0,18432,9,4608.0,9999.0
2348,-0.00016907172,2.9956784,20480,9.1887948513031,0.03540903329849243,1.040941e-06,24.92718,0.0,20480,10,4568.0,9999.0
2384,-0.00013985745,2.9956594,22528,10.066690683364868,-0.022753000259399414,9.3245274e-07,29.717403,0.0,22528,11,4568.0,9999.0
2001,-0.00010023829,2.995632,24576,10.925941944122314,-0.021985530853271484,1.4207413e-06,26.039417,0.0,24576,12,4568.0,9999.0
2280,-6.1988416e-05,2.995631,26624,11.949328899383545,0.08107882738113403,9.889831e-07,29.112757,0.0,26624,13,4568.0,9999.0
1922,-0.000112211404,2.9955852,28672,12.84789490699768,0.0034500956535339355,1.507439e-06,27.633724,0.0,28672,14,4568.0,9999.0
2397,-9.184311e-05,2.9955559,30720,13.913389682769775,-0.024242281913757324,1.8467374e-06,23.024572,0.0,30720,15,4564.333333333333,9999.0
2397,-9.677028e-05,2.995556,32768,14.77347183227539,0.006260573863983154,2.0525474e-06,26.78124,0.0,32768,16,4564.333333333333,9999.0
2025,-0.000101351274,2.995552,34816,15.628094911575317,-0.004380464553833008,1.5498914e-06,26.163916,0.0,34816,17,4564.333333333333,9999.0
2370,-2.8391438e-05,2.995501,36864,16.639800786972046,0.10599887371063232,1.2885446e-06,29.013254,0.0,36864,18,4564.333333333333,9999.0
2112,-9.0454705e-05,2.995497,38912,17.504343032836914,0.01078784465789795,1.2857527e-06,27.946377,0.0,38912,19,4564.333333333333,9999.0
2242,-8.283639e-05,2.9955268,40960,18.474190711975098,-0.03583717346191406,1.4392135e-06,19.706203,0.0,40960,20,4575.5,9999.0
2357,-4.7757967e-05,2.995533,43008,19.393725872039795,0.02186131477355957,1.6098271e-06,30.605158,0.0,43008,21,4575.5,9999.0
1869,-7.123112e-05,2.9955533,45056,20.262720823287964,0.05764526128768921,1.1551961e-06,26.789974,0.0,45056,22,4575.5,9999.0
2341,-9.106612e-05,2.995469,47104,21.358693838119507,0.08668303489685059,1.1750884e-06,24.8269,0.0,47104,23,4575.5,9999.0
2405,-0.00010049564,2.9954937,49152,22.23384690284729,0.04898422956466675,2.0619873e-06,23.667843,0.0,49152,24,4575.5,9999.0
2386,-0.00014448547,2.9954684,51200,23.085691690444946,-0.020586490631103516,2.3432817e-06,18.909386,0.0,51200,25,4596.2,9999.0
2388,-0.00011998413,2.9954643,53248,23.950204849243164,0.03339022397994995,2.0482564e-06,23.95496,0.0,53248,26,4596.2,9999.0
2387,-0.00011828709,2.9954662,55296,24.80818200111389,0.08493161201477051,1.9789354e-06,24.45419,0.0,55296,27,4596.2,9999.0
2396,-9.403832e-05,2.995317,57344,25.666207790374756,-0.025156617164611816,1.8391687e-06,23.84348,0.0,57344,28,4596.2,9999.0
2412,-6.222488e-05,2.9953818,59392,26.52128791809082,0.08317267894744873,2.6408975e-06,20.830074,0.0,59392,29,4596.2,9999.0
2380,-0.00010438431,2.9953983,61440,27.370604038238525,0.03324848413467407,1.4537256e-06,17.38979,0.0,61440,30,4594.833333333333,9999.0
2387,-4.693265e-05,2.9954333,63488,28.236849784851074,0.0393490195274353,1.3094407e-06,22.025597,0.0,63488,31,4594.833333333333,9999.0
2393,-0.00017058216,2.9954395,65536,29.094923973083496,0.0007781982421875,1.6848501e-06,19.57903,0.0,65536,32,4594.833333333333,9999.0
2351,-6.869664e-05,2.9953775,67584,29.95097804069519,-0.004687190055847168,1.618963e-06,22.299467,0.0,67584,33,4594.833333333333,9999.0
2384,-7.882938e-05,2.9953868,69632,30.82227087020874,0.11679458618164062,1.319723e-06,19.791462,0.0,69632,34,4594.833333333333,9999.0
2379,-0.000106530766,2.9954212,71680,31.681681871414185,0.018811941146850586,1.9495706e-06,17.906874,0.0,71680,35,4594.571428571428,9999.0
2371,-0.00013704765,2.9953914,73728,32.54849672317505,0.07134145498275757,2.029505e-06,18.96686,0.0,73728,36,4594.571428571428,9999.0
2380,-3.4161425e-05,2.995365,75776,33.412439584732056,0.0176965594291687,1.8486505e-06,18.782827,0.0,75776,37,4594.571428571428,9999.0
2380,-4.1273724e-05,2.9953442,77824,34.272992849349976,0.06531322002410889,9.85048e-07,19.687609,0.0,77824,38,4594.571428571428,9999.0
2380,-9.8933095e-05,2.9953218,79872,35.13361978530884,0.13998693227767944,1.0484422e-06,17.292995,0.0,79872,39,4594.571428571428,9999.0
2378,-0.00012999319,2.995247,81920,35.994340658187866,0.07062196731567383,1.4984684e-06,14.19736,0.0,81920,40,4591.875,9999.0
2364,-0.00012949733,2.9952688,83968,36.8617057800293,0.08158063888549805,1.6901489e-06,16.733532,0.0,83968,41,4591.875,9999.0
2380,-9.441925e-05,2.995276,86016,37.72816205024719,-0.03386569023132324,1.1260609e-06,17.592262,0.0,86016,42,4591.875,9999.0
2355,-3.0503283e-05,2.9951751,88064,38.58902978897095,0.05301731824874878,1.6385618e-06,18.457418,0.0,88064,43,4591.875,9999.0
2349,-9.552799e-05,2.9951727,90112,39.45883798599243,0.10608017444610596,8.5626635e-07,16.735243,0.0,90112,44,4593.666666666667,9999.0
2369,-1.958101e-05,2.9951665,92160,40.33097863197327,0.023141801357269287,1.3467704e-06,14.830304,0.0,92160,45,4593.666666666667,9999.0
2375,-9.055936e-05,2.995276,94208,41.20116186141968,0.02422785758972168,8.8209697e-07,15.392026,0.0,94208,46,4593.666666666667,9999.0
2368,-9.1564725e-05,2.9953134,96256,42.06377387046814,0.006909489631652832,9.969717e-07,15.502813,0.0,96256,47,4593.666666666667,9999.0
2385,-0.00012230985,2.9952161,98304,42.928751707077026,0.04846906661987305,1.7185685e-06,15.815921,0.0,98304,48,4593.666666666667,9999.0
2381,-4.316694e-05,2.995263,100352,43.78776288032532,0.07162952423095703,1.6961036e-06,11.743136,0.0,100352,49,4590.4,9999.0
2364,-5.8764126e-05,2.995245,102400,44.64845895767212,-0.002398252487182617,1.3598278e-06,13.635188,0.0,102400,50,4590.4,9999.0
2298,-5.2360072e-05,2.9952,104448,45.52091073989868,0.044455766677856445,5.3742434e-07,13.889211,0.0,104448,51,4590.4,9999.0
2370,-5.21278e-05,2.9952922,106496,46.412266969680786,0.056569576263427734,7.369643e-07,14.151761,0.0,106496,52,4590.4,9999.0
2374,-3.992531e-05,2.995133,108544,47.27646279335022,0.031282663345336914,8.736197e-07,14.781126,0.0,108544,53,4590.4,9999.0
2369,-1.9082527e-05,2.995116,110592,48.139487981796265,0.0341717004776001,1.4626436e-06,10.516057,0.0,110592,54,4582.727272727273,9999.0
2378,-5.8491714e-06,2.9951081,112640,49.00418472290039,0.016323089599609375,1.1181106e-06,15.241121,0.0,112640,55,4582.727272727273,9999.0
2351,-7.158118e-05,2.9951453,114688,49.87119793891907,0.02359062433242798,3.7746284e-07,13.372635,0.0,114688,56,4582.727272727273,9999.0
2388,-3.990524e-05,2.995199,116736,50.742403745651245,0.051175713539123535,1.0681113e-06,14.820242,0.0,116736,57,4582.727272727273,9999.0
2374,-5.3495238e-05,2.9950516,118784,51.60035681724548,0.03199952840805054,6.235806e-07,13.800105,0.0,118784,58,4582.727272727273,9999.0
2223,-4.634196e-05,2.9951012,120832,52.463395833969116,0.01069021224975586,8.653813e-07,9.605387,0.0,120832,59,4586.333333333333,9999.0
2379,-6.0260158e-05,2.9950366,122880,53.384700775146484,0.025443196296691895,8.734063e-07,15.598577,0.0,122880,60,4586.333333333333,9999.0
2373,-5.029789e-05,2.9951487,124928,54.25138282775879,0.02017146348953247,3.5098037e-07,14.376831,0.0,124928,61,4586.333333333333,9999.0
2374,-1.7101225e-05,2.9951417,126976,55.114526987075806,0.018820106983184814,7.1277725e-07,12.325322,0.0,126976,62,4586.333333333333,9999.0
2387,-8.334922e-05,2.9949863,129024,55.97756791114807,0.04824858903884888,5.980786e-07,11.193451,0.0,129024,63,4586.333333333333,9999.0
2356,-6.2446066e-05,2.9950578,131072,56.835773944854736,0.009376943111419678,1.1562512e-06,7.966268,0.0,131072,64,4587.461538461538,9999.0
2373,-4.5023986e-05,2.9950023,133120,57.705241680145264,0.041691601276397705,9.0407593e-07,13.372763,0.0,133120,65,4587.461538461538,9999.0
2362,-3.5648933e-05,2.9951766,135168,58.57431483268738,0.03294718265533447,1.2343264e-07,12.870064,0.0,135168,66,4587.461538461538,9999.0
2369,1.4337385e-05,2.995142,137216,59.44163680076599,0.02059006690979004,7.5661734e-07,12.013851,0.0,137216,67,4587.461538461538,9999.0
2373,-6.276612e-05,2.9949656,139264,60.30624485015869,0.03720235824584961,7.8862615e-07,11.62488,0.0,139264,68,4587.461538461538,9999.0
2366,-4.9527946e-05,2.9950707,141312,61.16963481903076,0.04424828290939331,8.0621095e-07,10.241921,0.0,141312,69,4589.5,9999.0
2377,-4.793785e-05,2.9950166,143360,62.035446882247925,0.031767964363098145,5.01062e-07,12.416484,0.0,143360,70,4589.5,9999.0
2375,-3.543594e-05,2.9951751,145408,62.90284061431885,0.035277366638183594,3.8794377e-07,12.814036,0.0,145408,71,4589.5,9999.0
2368,-4.597269e-05,2.9950194,147456,63.76549673080444,0.025477826595306396,2.617381e-07,12.403106,0.0,147456,72,4589.5,9999.0
2372,-6.956793e-06,2.9948535,149504,64.6307168006897,0.0334356427192688,7.937568e-07,11.018019,0.0,149504,73,4589.5,9999.0
2367,-2.7967199e-05,2.994983,151552,65.49423480033875,0.05687439441680908,3.0468448e-07,8.219777,0.0,151552,74,4598.933333333333,9999.0
2362,-4.3138418e-05,2.9949772,153600,66.35978174209595,0.03480827808380127,2.0752103e-07,8.945456,0.0,153600,75,4598.933333333333,9999.0
2372,-3.2530912e-05,2.9951563,155648,67.23252296447754,0.035236477851867676,3.024556e-07,9.366785,0.0,155648,76,4598.933333333333,9999.0
2373,-3.5117635e-05,2.994967,157696,68.09612488746643,0.02146822214126587,2.136223e-07,10.22606,0.0,157696,77,4598.933333333333,9999.0
2348,-5.7893572e-05,2.9948258,159744,68.95926594734192,0.07203179597854614,3.8886748e-07,9.826456,0.0,159744,78,4598.933333333333,9999.0
2387,-5.874267e-05,2.9949574,161792,69.8316159248352,0.04291754961013794,5.2287606e-07,8.955937,0.0,161792,79,4596.0,9999.0
2372,-3.1321426e-05,2.995008,163840,70.68965482711792,0.03271681070327759,2.6922902e-07,9.959205,0.0,163840,80,4596.0,9999.0
2364,-4.3702497e-05,2.99515,165888,71.55893278121948,0.01852703094482422,3.2618158e-07,8.222571,0.0,165888,81,4596.0,9999.0
2381,-2.6923604e-05,2.9949188,167936,72.4254777431488,0.026367902755737305,2.5524196e-07,8.224821,0.0,167936,82,4596.0,9999.0
2373,-5.2887015e-05,2.9948628,169984,73.28599286079407,0.06443506479263306,1.7345504e-07,8.929703,0.0,169984,83,4593.294117647059,9999.0
2363,-6.2886065e-05,2.9949276,172032,74.14912581443787,0.025108635425567627,2.812281e-07,7.7303734,0.0,172032,84,4593.294117647059,9999.0
2342,-3.8557242e-05,2.9950442,174080,75.01604080200195,0.030748724937438965,4.878247e-08,7.1235228,0.0,174080,85,4593.294117647059,9999.0
2385,-6.425829e-05,2.9951272,176128,75.89620399475098,0.017278075218200684,2.2446105e-07,8.6573105,0.0,176128,86,4593.294117647059,9999.0
2358,-5.739166e-05,2.9948676,178176,76.75513172149658,0.02436751127243042,5.6394026e-07,8.431879,0.0,178176,87,4593.294117647059,9999.0
2375,-4.7457404e-05,2.9948158,180224,77.62396168708801,0.061326801776885986,5.222419e-07,9.461272,0.0,180224,88,4596.055555555556,9999.0
2371,-4.9026858e-05,2.9948864,182272,78.48663187026978,0.013885438442230225,3.8208572e-07,8.029688,0.0,182272,89,4596.055555555556,9999.0
2371,-5.341207e-05,2.9949749,184320,79.3505699634552,0.022506237030029297,6.98911e-08,7.363813,0.0,184320,90,4596.055555555556,9999.0
2364,-2.7553691e-05,2.9950206,186368,80.22009181976318,0.01302260160446167,2.3395674e-07,8.036811,0.0,186368,91,4596.055555555556,9999.0
2375,-4.6606594e-05,2.994656,188416,81.0867829322815,0.014329075813293457,8.452923e-08,7.918045,0.0,188416,92,4596.055555555556,9999.0
2347,-4.521669e-05,2.9947095,190464,81.9492928981781,0.041627585887908936,2.9285766e-07,7.2042327,0.0,190464,93,4599.894736842105,9999.0
2379,-4.648224e-05,2.9948583,192512,82.82196879386902,0.012555956840515137,1.6380531e-07,8.537828,0.0,192512,94,4599.894736842105,9999.0
2370,-5.3956894e-05,2.9949117,194560,83.68311071395874,0.010954976081848145,5.566823e-08,7.221032,0.0,194560,95,4599.894736842105,9999.0
2364,-4.4839457e-05,2.994998,196608,84.55293893814087,0.017411887645721436,3.4419577e-07,7.6849794,0.0,196608,96,4599.894736842105,9999.0
2393,-5.8080022e-05,2.9946415,198656,85.41961288452148,0.021912813186645508,8.740459e-08,6.4253945,0.0,198656,97,4599.894736842105,9999.0
2376,-5.5846187e-05,2.994745,200704,86.27554774284363,0.04179537296295166,6.0802785e-07,5.052912,0.0,200704,98,4599.8,9999.0
2391,-5.092046e-05,2.994744,202752,87.13780498504639,0.010150313377380371,1.5773182e-07,7.5356536,0.0,202752,99,4599.8,9999.0
2378,-5.7146324e-05,2.9949539,204800,87.99443459510803,0.008246958255767822,5.256385e-07,6.70674,0.0,204800,100,4599.8,9999.0
2368,-6.147267e-05,2.9949145,206848,88.86163568496704,0.022270917892456055,1.1238061e-07,7.018827,0.0,206848,101,4599.8,9999.0
2381,-7.9968966e-05,2.9945486,208896,89.72651791572571,0.015958011150360107,7.411729e-07,5.7090244,0.0,208896,102,4599.8,9999.0
2395,-0.0001003464,2.9947555,210944,90.5866847038269,0.04368108510971069,1.9291959e-07,5.003318,0.0,210944,103,4598.190476190476,9999.0
2380,-4.0108665e-05,2.9946208,212992,91.44214177131653,0.015030384063720703,2.6827453e-07,8.82293,0.0,212992,104,4598.190476190476,9999.0
2385,-4.8733036e-05,2.9949994,215040,92.30276775360107,0.015310883522033691,2.6350017e-08,6.216262,0.0,215040,105,4598.190476190476,9999.0
2372,-8.591262e-05,2.9948807,217088,93.16708970069885,0.011523127555847168,2.586173e-07,5.3967876,0.0,217088,106,4598.190476190476,9999.0
2386,-7.854965e-05,2.9945393,219136,94.030681848526,0.018410325050354004,1.5902364e-07,6.7902083,0.0,219136,107,4598.190476190476,9999.0
2386,-0.0001102702,2.9946935,221184,94.88910984992981,0.03622859716415405,1.1096078e-06,4.4520054,0.0,221184,108,4600.863636363636,9999.0
2383,-5.9831353e-05,2.994567,223232,95.74772882461548,0.015787124633789062,2.035822e-07,5.5195775,0.0,223232,109,4600.863636363636,9999.0
2361,-7.412639e-05,2.9950187,225280,96.60757970809937,0.01305478811264038,3.864265e-07,5.4894657,0.0,225280,110,4600.863636363636,9999.0
2375,-5.9341895e-05,2.9947996,227328,97.48061060905457,0.002807915210723877,1.0529279e-07,5.6543145,0.0,227328,111,4600.863636363636,9999.0
2393,-8.1318154e-05,2.9945,229376,98.34309601783752,0.011694014072418213,6.347199e-07,5.0968943,0.0,229376,112,4600.863636363636,9999.0
2375,-8.809213e-05,2.9947293,231424,99.19903683662415,0.038016319274902344,7.117802e-07,5.406207,0.0,231424,113,4598.391304347826,9999.0
2378,-6.4161664e-05,2.994678,233472,100.06139373779297,0.015026628971099854,1.2074064e-07,5.4316034,0.0,233472,114,4598.391304347826,9999.0
2385,-6.284695e-05,2.9950535,235520,100.9228048324585,0.013709783554077148,4.564057e-08,4.5797014,0.0,235520,115,4598.391304347826,9999.0
2345,-4.4524484e-05,2.9948075,237568,101.78727769851685,0.007992088794708252,3.5351167e-07,5.9269514,0.0,237568,116,4598.391304347826,9999.0
2386,-9.648944e-05,2.994564,239616,102.660888671875,0.03318321704864502,1.5089877e-07,4.470813,0.0,239616,117,4598.391304347826,9999.0
2370,-0.00015089122,2.994771,241664,103.51953101158142,0.043024301528930664,2.8447076e-07,4.755931,0.0,241664,118,4598.458333333333,9999.0
2383,-8.861369e-05,2.9947865,243712,104.3839898109436,0.01304316520690918,3.304417e-07,4.6455817,0.0,243712,119,4598.458333333333,9999.0
2322,-4.9459086e-05,2.9950783,245760,105.24373984336853,0.015275955200195312,7.8891006e-08,5.537556,0.0,245760,120,4598.458333333333,9999.0
2372,-9.302767e-05,2.994721,247808,106.13162183761597,0.008976578712463379,1.04480044e-07,4.3743086,0.0,247808,121,4598.458333333333,9999.0
2372,-0.00010078827,2.9946105,249856,106.99518895149231,0.03983116149902344,1.5152848e-07,4.7712836,0.0,249856,122,4598.458333333333,9999.0
2379,-0.00016646032,2.9947023,251904,107.85861086845398,0.037402987480163574,1.4729371e-06,5.9523683,0.0,251904,123,4599.68,9999.0
2380,-0.00010633525,2.99474,253952,108.71977376937866,0.017339468002319336,2.921876e-07,3.4465747,0.0,253952,124,4599.68,9999.0
2393,-6.928753e-05,2.9950128,256000,109.58030581474304,0.007977068424224854,1.03096895e-07,4.498481,0.0,256000,125,4599.68,9999.0
2383,-0.00010630868,2.9945674,258048,110.44192361831665,0.010425209999084473,1.6237315e-07,3.9958313,0.0,258048,126,4599.68,9999.0
2377,-9.383104e-05,2.9945474,260096,111.3015148639679,0.055344462394714355,1.8044324e-07,6.055567,0.0,260096,127,4599.653846153846,9999.0
2373,-0.00011932578,2.9947429,262144,112.16343975067139,0.010599076747894287,2.2608624e-07,3.190247,0.0,262144,128,4599.653846153846,9999.0
2367,-0.00011886654,2.99482,264192,113.026695728302,0.015362977981567383,1.9087327e-07,2.6758447,0.0,264192,129,4599.653846153846,9999.0
2380,-7.7435536e-05,2.9949746,266240,113.89226174354553,0.00673598051071167,1.343265e-07,3.7479177,0.0,266240,130,4599.653846153846,9999.0
2330,-8.348962e-05,2.9945712,268288,114.75840473175049,0.00796365737915039,1.0963352e-07,4.6587796,0.0,268288,131,4599.653846153846,9999.0
2388,-0.00010851957,2.9945672,270336,115.6375470161438,0.04731935262680054,1.3587253e-07,6.0359087,0.0,270336,132,4601.666666666667,9999.0
2371,-7.745399e-05,2.9948068,272384,116.49552893638611,0.008218586444854736,1.0353701e-07,4.380304,0.0,272384,133,4601.666666666667,9999.0
2379,-0.00012367792,2.9948945,274432,117.35931897163391,0.012108862400054932,1.5912617e-07,3.7634883,0.0,274432,134,4601.666666666667,9999.0
2381,-0.00013892562,2.9948933,276480,118.22044777870178,0.013578057289123535,3.0625338e-07,3.2291298,0.0,276480,135,4601.666666666667,9999.0
2364,-9.70901e-05,2.9944685,278528,119.0865957736969,0.0172385573387146,2.5612118e-07,3.906318,0.0,278528,136,4601.666666666667,9999.0
2365,-0.00022774236,2.9945214,280576,119.95295190811157,0.04530090093612671,5.9047613e-07,4.510713,0.0,280576,137,4603.678571428572,9999.0
2379,-0.00010371078,2.994695,282624,120.81899380683899,0.005193054676055908,5.227733e-07,4.4935994,0.0,282624,138,4603.678571428572,9999.0
2365,-0.00014624702,2.9948952,284672,121.68016266822815,0.009877264499664307,2.4229476e-07,2.7676396,0.0,284672,139,4603.678571428572,9999.0
2388,-0.000133177,2.9948153,286720,122.54615378379822,0.01410764455795288,2.6501658e-07,2.7521477,0.0,286720,140,4603.678571428572,9999.0
2364,-0.00010064866,2.9944375,288768,123.40998601913452,0.007408082485198975,1.7511957e-07,3.5229793,0.0,288768,141,4603.678571428572,9999.0
2369,-0.00037204326,2.994656,290816,124.27659487724304,0.04113048315048218,1.4395889e-06,4.673092,0.0,290816,142,4606.172413793103,9999.0
2382,-0.00010564758,2.994599,292864,125.14128875732422,0.007653594017028809,8.6746104e-07,3.1408715,0.0,292864,143,4606.172413793103,9999.0
2376,-0.00013857352,2.9949303,294912,126.00133395195007,0.013843953609466553,3.1443832e-07,2.7429535,0.0,294912,144,4606.172413793103,9999.0
2374,-0.00011933484,2.9947953,296960,126.86347794532776,0.015121996402740479,2.5000358e-07,2.6728404,0.0,296960,145,4606.172413793103,9999.0
2361,-0.00021113665,2.994426,299008,127.7320659160614,0.011693120002746582,5.556288e-07,2.3758807,0.0,299008,146,4606.172413793103,9999.0
2373,-0.0004352412,2.9947603,301056,128.59969997406006,0.07631957530975342,2.4750625e-06,3.9108977,0.0,301056,147,4604.633333333333,9999.0
2373,-0.00012222608,2.9945946,303104,129.46303367614746,0.017673790454864502,1.5293135e-06,3.4856267,0.0,303104,148,4604.633333333333,9999.0
2377,-0.00017479104,2.9949925,305152,130.32632184028625,0.01505345106124878,4.004653e-07,2.752854,0.0,305152,149,4604.633333333333,9999.0
2364,-0.00017745813,2.994886,307200,131.1882197856903,0.008574068546295166,3.9301102e-07,2.2012408,0.0,307200,150,4604.633333333333,9999.0
2359,-0.00014513588,2.9946308,309248,132.06033372879028,0.011275768280029297,4.6939567e-07,2.8739493,0.0,309248,151,4604.633333333333,9999.0
2384,-0.0004689815,2.9949353,311296,132.92871069908142,0.10699784755706787,2.2505549e-06,3.9794412,0.0,311296,152,4606.677419354839,9999.0
2374,-0.00016050476,2.9946573,313344,133.78808784484863,0.012548327445983887,1.4243099e-06,3.024763,0.0,313344,153,4606.677419354839,9999.0
2363,-0.00019065975,2.995018,315392,134.65088987350464,0.006689548492431641,6.70282e-07,2.594252,0.0,315392,154,4606.677419354839,9999.0
2315,-0.0001678594,2.9948242,317440,135.5176658630371,0.017842769622802734,5.086291e-07,2.5034215,0.0,317440,155,4606.677419354839,9999.0
2374,-0.00020689335,2.9946225,319488,136.40815782546997,0.02235180139541626,5.966729e-07,2.2818112,0.0,319488,156,4606.677419354839,9999.0
2368,-0.0006709824,2.994808,321536,137.27112770080566,0.13145333528518677,5.7711695e-06,4.5150175,0.0,321536,157,4607.34375,9999.0
2387,-0.0002600817,2.994494,323584,138.136332988739,0.017548203468322754,4.3735054e-06,3.0992966,0.0,323584,158,4607.34375,9999.0
2384,-0.00017791188,2.994906,325632,138.99468064308167,0.011788487434387207,1.1234555e-06,1.7406075,0.0,325632,159,4607.34375,9999.0
2372,-0.0002833969,2.9946003,327680,139.85411095619202,0.011277258396148682,9.692454e-07,1.8015287,0.0,327680,160,4607.34375,9999.0
2376,-0.0002673072,2.994581,329728,140.72379779815674,0.08027923107147217,1.2539979e-06,1.6029867,0.0,329728,161,4607.34375,9999.0
2384,-0.00048463652,2.9946027,331776,141.58605980873108,0.19581282138824463,2.4155102e-06,4.785649,0.0,331776,162,4606.575757575758,9999.0
2354,-0.0004127437,2.9943652,333824,142.4454746246338,0.016284167766571045,4.302413e-06,2.4967256,0.0,333824,163,4606.575757575758,9999.0
2378,-0.00021037266,2.9947188,335872,143.3155927658081,0.024679720401763916,1.6797228e-06,1.6348021,0.0,335872,164,4606.575757575758,9999.0
2384,-0.00029627522,2.9943633,337920,144.17697191238403,0.020211398601531982,1.2393095e-06,2.0570874,0.0,337920,165,4606.575757575758,9999.0
2365,-0.00028315588,2.994524,339968,145.04228496551514,0.31998735666275024,2.0049313e-06,4.148996,0.0,339968,166,4606.470588235294,9999.0
2359,-0.0005754405,2.9945314,342016,145.90854597091675,0.036632657051086426,3.6870576e-06,2.7381997,0.0,342016,167,4606.470588235294,9999.0
2370,-0.000564364,2.9942596,344064,146.7767207622528,0.02099752426147461,7.386413e-06,1.5259546,0.0,344064,168,4606.470588235294,9999.0
2382,-0.000279459,2.9946864,346112,147.64127206802368,0.029183030128479004,2.854369e-06,1.681495,0.0,346112,169,4606.470588235294,9999.0
2393,-0.00034708917,2.9942594,348160,148.50139594078064,0.016601920127868652,2.220062e-06,1.7643309,0.0,348160,170,4606.470588235294,9999.0
2361,-0.00041838115,2.9944918,350208,149.362854719162,0.33881300687789917,3.2227726e-06,4.8123693,0.0,350208,171,4608.428571428572,9999.0
2379,-0.00056153117,2.9942863,352256,150.23042678833008,0.05565065145492554,3.8405424e-06,1.7737201,0.0,352256,172,4608.428571428572,9999.0
2371,-0.00067004643,2.9939117,354304,151.09132885932922,0.03286200761795044,8.079407e-06,1.5460875,0.0,354304,173,4608.428571428572,9999.0
2355,-0.0005634334,2.9944758,356352,151.95529961585999,0.022759974002838135,7.2404787e-06,1.7213014,0.0,356352,174,4608.428571428572,9999.0
2380,-0.0006134129,2.9934113,358400,152.82505702972412,0.02687966823577881,8.8416855e-06,1.6518881,0.0,358400,175,4608.428571428572,9999.0
2369,-0.0006524438,2.9937189,360448,153.6913447380066,0.4300053119659424,9.7783e-06,4.0826025,0.0,360448,176,4607.083333333333,9999.0
2373,-0.0007057736,2.9935176,362496,154.55600690841675,0.06333094835281372,1.9559104e-05,1.7878177,0.0,362496,177,4607.083333333333,9999.0
2373,-0.0025001515,2.9929771,364544,155.41914176940918,0.04553705453872681,7.4157804e-05,1.1305354,0.0,364544,178,4607.083333333333,9999.0
2368,-0.0005501647,2.993487,366592,156.28243470191956,0.05304098129272461,5.0555576e-05,1.6221282,0.0,366592,179,4607.083333333333,9999.0
2387,-0.0007152905,2.991505,368640,157.147540807724,0.07727152109146118,1.578796e-05,1.938289,0.0,368640,180,4607.083333333333,9999.0
2381,-0.0014540249,2.9922404,370688,158.0112738609314,0.5162196755409241,3.1574473e-05,3.4053504,0.0,370688,181,4606.0,9999.0
2367,-0.00058473984,2.990829,372736,158.8717429637909,0.059411048889160156,3.5085533e-05,1.6124208,0.0,372736,182,4606.0,9999.0
2389,-0.0015913661,2.991036,374784,159.7372579574585,0.08126097917556763,4.2488256e-05,1.17634,0.0,374784,183,4606.0,9999.0
2367,-0.0007054332,2.9912634,376832,160.5948736667633,0.07421696186065674,4.5046312e-05,1.4060762,0.0,376832,184,4606.0,9999.0
2366,-0.0016562073,2.9905236,378880,161.4603898525238,0.06828755140304565,4.119617e-05,1.4497238,0.0,378880,185,4606.0,9999.0
2367,-0.00013003967,2.9903274,380928,162.33183193206787,0.5837821960449219,4.1154293e-05,3.7046006,0.0,380928,186,4605.421052631579,9999.0
2374,-0.0007278881,2.9903862,382976,163.19729089736938,0.1499895453453064,1.5920501e-05,1.4380016,0.0,382976,187,4605.421052631579,9999.0
2310,-0.000693709,2.9918256,385024,164.06031680107117,0.178785502910614,7.735263e-06,1.360348,0.0,385024,188,4605.421052631579,9999.0
1747,-0.00063263276,2.9910696,387072,164.9473569393158,0.13816040754318237,8.462482e-06,1.6013836,0.0,387072,189,4605.421052631579,9999.0
2175,-0.00303759,2.991202,389120,166.11989498138428,0.18903374671936035,8.51383e-05,1.1894667,0.0,389120,190,4605.421052631579,9999.0
2249,-0.00066013046,2.9901764,391168,167.06797790527344,0.6145922839641571,7.1094415e-05,3.9777076,0.0,391168,191,4605.51282051282,9999.0
2261,-0.0016693581,2.989715,393216,167.97890186309814,0.28196877241134644,3.8165534e-05,1.5708704,0.0,393216,192,4605.51282051282,9999.0
2337,-0.0011387657,2.9917798,395264,168.884694814682,0.3535400629043579,1.4731438e-05,1.1001837,0.0,395264,193,4605.51282051282,9999.0
2103,-0.0023910014,2.9899616,397312,169.76143884658813,0.29331058263778687,6.221248e-05,1.1172976,0.0,397312,194,4605.51282051282,9999.0
1735,-0.00086855015,2.9883282,399360,170.73544764518738,0.4171116352081299,4.3469594e-05,1.2892829,0.0,399360,195,4605.51282051282,9999.0
2260,-0.0006995079,2.9880078,401408,171.92144775390625,0.6869151890277863,2.5913236e-05,4.547221,0.0,401408,196,4605.025,9999.0
1396,-0.0015774468,2.9882789,403456,172.82773399353027,0.5968356132507324,3.1988573e-05,0.9427931,0.0,403456,197,4605.025,9999.0
2230,-0.0017592792,2.989457,405504,174.29467487335205,0.46112459897994995,4.534234e-05,1.2708632,0.0,405504,198,4605.025,9999.0
2206,-0.0008527065,2.9847598,407552,175.21336579322815,0.5807154476642609,4.7024394e-05,1.1006815,0.0,407552,199,4605.025,9999.0
1857,-0.0010282168,2.9855952,409600,176.14174270629883,0.7706110626459122,2.790789e-05,1.5813032,0.0,409600,200,4605.025,9999.0
1937,-0.0008907185,2.9862475,411648,177.25178170204163,0.7563004344701767,6.340454e-05,2.8364775,0.0,411648,201,4604.0,9999.0
1467,-0.0014910407,2.9861252,413696,178.30945467948914,0.68927201628685,5.3123375e-05,1.2618473,0.0,413696,202,4604.0,9999.0
2223,-0.0020540194,2.9869025,415744,179.70539784431458,0.5774289071559906,6.169798e-05,0.8586629,0.0,415744,203,4604.0,9999.0
2149,-0.0013294904,2.9816442,417792,180.6268768310547,0.6092264652252197,6.312721e-05,0.91414976,0.0,417792,204,4604.0,9999.0
2284,-0.0014604375,2.9874725,419840,181.57989192008972,0.8161116987466812,0.000103531245,1.7728726,0.0,419840,205,4604.0,9999.0
2296,-0.0013743134,2.9882743,421888,182.4820568561554,0.7884931117296219,8.873056e-05,3.0690198,0.0,421888,206,4605.619047619048,9999.0
2312,-0.0016632933,2.9876258,423936,183.3740837574005,0.7409831583499908,5.980164e-05,1.0521033,0.0,423936,207,4605.619047619048,9999.0
2296,-0.0009365877,2.9882512,425984,184.2600338459015,0.65621018409729,4.445658e-05,0.94600713,0.0,425984,208,4605.619047619048,9999.0
2281,-0.0010486075,2.9856324,428032,185.15204286575317,0.6298397779464722,1.7261094e-05,1.1532273,0.0,428032,209,4605.619047619048,9999.0
2296,-0.0005660214,2.9876504,430080,186.05021166801453,0.8238422572612762,1.1327541e-05,3.6248074,0.0,430080,210,4607.558139534884,9999.0
2297,-0.0013622623,2.98733,432128,186.94800090789795,0.6412624716758728,2.6827644e-05,1.5145028,0.0,432128,211,4607.558139534884,9999.0
2281,-0.0013310083,2.9858913,434176,187.83979892730713,0.7251791954040527,3.621537e-05,1.1944668,0.0,434176,212,4607.558139534884,9999.0
2298,-0.0017450533,2.9884956,436224,188.73784494400024,0.7486494779586792,6.165708e-05,0.81957597,0.0,436224,213,4607.558139534884,9999.0
2304,-0.0015837306,2.9865804,438272,189.62938976287842,0.7458747625350952,7.516994e-05,0.7371422,0.0,438272,214,4607.558139534884,9999.0
2303,-0.0014048511,2.9857256,440320,190.51839685440063,0.8245603442192078,3.1102434e-05,2.9976444,0.0,440320,215,4606.863636363636,9999.0
2313,-0.002504796,2.9854589,442368,191.41343879699707,0.6553709805011749,8.103708e-05,1.6813446,0.0,442368,216,4606.863636363636,9999.0
2284,-0.0036648582,2.9751148,444416,192.29918575286865,0.7329605221748352,0.0002512999,1.0386575,0.0,444416,217,4606.863636363636,9999.0
2288,-0.0020132272,2.9777856,446464,193.19607090950012,0.7576186060905457,0.0002364696,0.9225364,0.0,446464,218,4606.863636363636,9999.0
2282,-0.002315001,2.9736524,448512,194.09144973754883,0.7546199411153793,7.9540434e-05,1.009487,0.0,448512,219,4606.863636363636,9999.0
2270,-0.0008677842,2.9770813,450560,194.989031791687,0.7453424334526062,4.236932e-05,4.3961596,0.0,450560,220,4607.711111111111,9999.0
2277,-0.0019307839,2.9719403,452608,195.8968288898468,0.7372232973575592,4.9300586e-05,1.2860973,0.0,452608,221,4607.711111111111,9999.0
2285,-0.0040675546,2.9603086,454656,196.79653191566467,0.7419787347316742,0.00023077728,1.0293547,0.0,454656,222,4607.711111111111,9999.0
2278,-0.0013919917,2.9740267,456704,197.69291472434998,0.7660758346319199,0.000117274394,1.1297662,0.0,456704,223,4607.711111111111,9999.0
2281,-0.0048330845,2.970798,458752,198.59225702285767,0.7684804797172546,0.00029014458,0.81961644,0.0,458752,224,4607.711111111111,9999.0
2285,-0.000920911,2.9687374,460800,199.49019694328308,0.81253781914711,0.00030616345,3.5455308,0.0,460800,225,4608.152173913043,9999.0
2279,-0.0037218898,2.9545314,462848,200.39209580421448,0.7928436845541,0.0001825594,1.2997504,0.0,462848,226,4608.152173913043,9999.0
2276,-0.0042486126,2.9573698,464896,201.29091572761536,0.7790978848934174,0.00037630028,0.9200209,0.0,464896,227,4608.152173913043,9999.0
2297,-0.0010584617,2.9769385,466944,202.1911017894745,0.7984808683395386,0.00014409609,1.1780131,0.0,466944,228,4608.152173913043,9999.0
2262,-0.0018854483,2.9654808,468992,203.08296084403992,0.8015788942575455,8.573018e-05,1.0897236,0.0,468992,229,4608.152173913043,9999.0
2287,-0.00077704125,2.9717548,471040,203.98870491981506,0.7826818376779556,5.8918064e-05,4.241048,0.0,471040,230,4609.489361702128,9999.0
2299,-0.0035626478,2.9590456,473088,204.89023685455322,0.8298792093992233,0.0001373868,1.2298537,0.0,473088,231,4609.489361702128,9999.0
2274,-0.002018182,2.9716043,475136,205.7814326286316,0.8185585737228394,0.00011517431,1.0244193,0.0,475136,232,4609.489361702128,9999.0
2281,-0.0013325252,2.9750495,477184,206.68223094940186,0.8174720406532288,6.145467e-05,0.87579286,0.0,477184,233,4609.489361702128,9999.0
2297,-0.0040646177,2.9574904,479232,207.5801718235016,0.82813760638237,0.0003623066,0.8231715,0.0,479232,234,4609.489361702128,9999.0
2278,-0.00023854869,2.9631925,481280,208.4718189239502,0.7970627695322037,0.00031211,4.007621,0.0,481280,235,4610.1875,9999.0
2297,-0.004609081,2.936044,483328,209.3766107559204,0.8680696785449982,0.000365559,0.9657938,0.0,483328,236,4610.1875,9999.0
2279,-0.0046057403,2.9510303,485376,210.26858282089233,0.7973130494356155,0.0003681298,1.1742656,9.765625e-05,485376,237,4610.1875,9999.0
2276,-0.0019524051,2.9313836,487424,211.16756868362427,0.8389964997768402,0.0002311198,0.94927406,0.0,487424,238,4610.1875,9999.0
2291,-0.0042298534,2.9109874,489472,212.06754183769226,0.8565003871917725,0.00046528573,1.1284109,0.0,489472,239,4610.1875,9999.0
2309,-0.0010175863,2.9612145,491520,212.96170377731323,0.8004080355167389,0.0001817942,4.1633735,0.0,491520,240,4610.591836734694,9999.0
2286,-0.0022087088,2.92623,493568,213.8543758392334,0.8672172129154205,9.163421e-05,1.0542457,0.0,493568,241,4610.591836734694,9999.0
2299,-0.0035006106,2.954771,495616,214.7503218650818,0.8475407063961029,0.00013499784,1.0193765,0.0,495616,242,4610.591836734694,9999.0
2273,-0.0018850794,2.9456146,497664,215.64141488075256,0.8019719123840332,0.00018691816,1.098463,0.0,497664,243,4610.591836734694,9999.0
2286,-0.002102891,2.912212,499712,216.54274988174438,0.8605686277151108,0.00036814035,1.3017612,0.0,499712,244,4610.591836734694,9999.0
2286,-0.0005981766,2.941807,501760,217.4388599395752,0.782163456082344,0.00037925743,4.4523206,0.0,501760,245,4611.3,9999.0
2296,-0.0056892456,2.8622236,503808,218.34055590629578,0.8822668045759201,0.0007985282,1.0152895,0.00029296876,503808,246,4611.3,9999.0
2295,-0.0039571463,2.9415786,505856,219.23277282714844,0.8157293349504471,0.0008020414,1.1146204,0.0,505856,247,4611.3,9999.0
2271,-0.0024839393,2.9258535,507904,220.12529373168945,0.811944991350174,0.00029465219,0.92150897,0.0,507904,248,4611.3,9999.0
2278,-0.0010904971,2.916153,509952,221.02716374397278,0.8180141896009445,0.00015294684,2.9897866,0.0,509952,249,4612.196078431372,9999.0
2289,-0.0011990962,2.963136,512000,221.9265058040619,0.8384255170822144,3.713323e-05,2.1199908,0.0,512000,250,4612.196078431372,9999.0
2283,-0.0018148741,2.914806,514048,222.82700991630554,0.8718555569648743,9.849072e-05,1.1962469,0.0,514048,251,4612.196078431372,9999.0
2311,-0.0054377755,2.9658,516096,223.72424602508545,0.8845734000205994,0.0004607404,0.77739894,0.0,516096,252,4612.196078431372,9999.0
2289,-0.004422106,2.9324381,518144,224.61074304580688,0.8163275867700577,0.00040623997,0.8017852,0.0,518144,253,4612.196078431372,9999.0
2232,-0.002056488,2.9300194,520192,225.5054566860199,0.8347048908472061,0.00070013374,3.038825,0.0,520192,254,4613.846153846154,9999.0
2301,-0.0036372156,2.9490275,522240,226.42314291000366,0.7238329350948334,0.0005114494,2.0232053,0.00034179687,522240,255,4613.846153846154,9999.0
2280,-0.0019857183,2.868688,524288,227.31911182403564,0.8521018624305725,0.00011336083,1.2029742,0.0,524288,256,4613.846153846154,9999.0
2297,-0.0020242683,2.9509554,526336,228.21742582321167,0.8437905609607697,7.015998e-05,0.861794,0.0,526336,257,4613.846153846154,9999.0
2287,-0.002464187,2.8315434,528384,229.10931873321533,0.7803761959075928,0.00015210177,0.96318847,0.0,528384,258,4613.846153846154,9999.0
2271,-0.0012650897,2.9066155,530432,230.00515389442444,0.7928928732872009,0.0003171858,3.3966327,0.0,530432,259,4614.603773584906,9999.0
2295,-0.002550045,2.9448326,532480,230.90704774856567,0.8281897902488708,8.070893e-05,1.3616965,0.0,532480,260,4614.603773584906,9999.0
2288,-0.0020292494,2.8693707,534528,231.80513286590576,0.8345644474029541,0.00011146734,1.0700158,0.0,534528,261,4614.603773584906,9999.0
2297,-0.0020122055,2.9447947,536576,232.7003698348999,0.834112361073494,5.2218173e-05,0.99845517,0.0,536576,262,4614.603773584906,9999.0
2302,-0.004477202,2.843151,538624,233.5921688079834,0.8407185673713684,0.00038553038,0.9428936,0.0,538624,263,4614.603773584906,9999.0
2292,-0.00032247495,2.8806138,540672,234.482097864151,0.7742416858673096,0.00028649997,3.7680717,0.0,540672,264,4616.351851851852,9999.0
2275,-0.0031234524,2.8929434,542720,235.37564373016357,0.7745902389287949,0.00014263681,1.4276575,0.0,542720,265,4616.351851851852,9999.0
2287,-0.0037433275,2.8452935,544768,236.28180193901062,0.8430296629667282,0.0003801433,1.0865252,0.0,544768,266,4616.351851851852,9999.0
2285,-0.0024481844,2.9227214,546816,237.1776728630066,0.856549009680748,0.00017542549,0.9172512,0.0,546816,267,4616.351851851852,9999.0
2312,-0.0070826127,2.7518067,548864,238.07405376434326,0.8176005631685257,0.0015846587,0.93244094,0.01171875,548864,268,4616.351851851852,9999.0
2298,-0.0005352689,2.8032873,550912,238.96018385887146,0.7162362337112427,0.0006671666,4.5515637,0.0,550912,269,4618.781818181818,9999.0
2296,-0.002147742,2.784928,552960,239.85147380828857,0.8437229990959167,0.00016039648,1.4908199,0.0,552960,270,4618.781818181818,9999.0
2288,-0.0051388815,2.8480918,555008,240.74951076507568,0.8708322495222092,0.00034015966,1.0248221,0.0,555008,271,4618.781818181818,9999.0
2297,-0.0026480812,2.8380513,557056,241.64488172531128,0.86394402384758,0.00041633332,0.8206787,0.0,557056,272,4618.781818181818,9999.0
1997,-0.0036379076,2.5663693,559104,242.53667283058167,0.857927605509758,0.0007556769,0.81792545,0.0,559104,273,4618.781818181818,9999.0
1874,-0.0010470203,2.7116976,561152,243.56288480758667,0.7231721878051758,0.00041494827,4.923538,0.0,561152,274,4619.142857142857,9999.0
1811,-0.0028674556,2.6985974,563200,244.65612983703613,0.8921501338481903,0.00024157339,1.1402328,0.0,563200,275,4619.142857142857,9999.0
1854,-0.0030842994,2.7568934,565248,245.79339575767517,0.8597975671291351,0.0004408097,1.1802458,4.8828126e-05,565248,276,4619.142857142857,9999.0
1851,-0.0043345974,2.641284,567296,246.89811778068542,0.8326880931854248,0.00029319752,0.7549756,4.8828126e-05,567296,277,4619.142857142857,9999.0
1811,-0.0026948464,2.4666646,569344,248.00449585914612,0.8254105597734451,0.0002787312,0.8590975,0.0,569344,278,4619.142857142857,9999.0
1800,-0.0011162921,2.666453,571392,249.1355917453766,0.7481295764446259,0.00033080654,5.0041494,0.0,571392,279,4618.421052631579,9999.0
1859,-0.006583725,2.655045,573440,250.27368688583374,0.8907794281840324,0.0021166387,0.94927347,0.01430664,573440,280,4618.421052631579,9999.0
1787,-0.0044392543,2.7682757,575488,251.38122081756592,0.8440542370080948,0.00063350843,1.194725,0.00068359374,575488,281,4618.421052631579,9999.0
2260,-0.0076351017,2.6402864,577536,252.52762389183044,0.8034174144268036,0.0010755387,0.7997879,0.0052246093,577536,282,4618.421052631579,9999.0
2279,-0.0057775136,2.6159828,579584,253.43387079238892,0.8735186010599136,0.0014969077,0.90102214,0.011132812,579584,283,4618.421052631579,9999.0
2265,-0.00042458615,2.732904,581632,254.33251476287842,0.7557344734668732,0.0004429996,5.0498543,0.0,581632,284,4616.741379310345,9999.0
2258,-0.0060364353,2.6372452,583680,255.23680782318115,0.8977486565709114,0.0012606758,0.9717699,0.008154297,583680,285,4616.741379310345,9999.0
2268,-0.0030630669,2.7468119,585728,256.1498718261719,0.7467189729213715,0.00043142698,1.1521816,0.00029296876,585728,286,4616.741379310345,9999.0
2284,-0.007472325,2.5600016,587776,257.0530598163605,0.8192669749259949,0.00086706097,0.83025634,0.0036621094,587776,287,4616.741379310345,9999.0
2277,-0.0037089773,2.6451802,589824,257.9498407840729,0.7971868216991425,0.00055340456,1.2306019,0.00024414062,589824,288,4616.741379310345,9999.0
2263,0.00035288106,2.7553563,591872,258.8494908809662,0.7612868249416351,0.0003655436,4.907083,0.0,591872,289,4614.745762711865,9999.0
2264,-0.0063769207,2.6707778,593920,259.7546639442444,0.8645957410335541,0.00031168555,1.1149899,0.00029296876,593920,290,4614.745762711865,9999.0
2266,-0.0025247242,2.729608,595968,260.6649317741394,0.8174857050180435,0.00020889733,1.0650617,0.0,595968,291,4614.745762711865,9999.0
2276,-0.00518776,2.4090095,598016,261.56899785995483,0.8284190744161606,0.0010870695,0.7572268,0.0032714843,598016,292,4614.745762711865,9999.0
2301,-0.0015051477,2.4967284,600064,262.46888494491577,0.7470316886901855,0.0007503688,3.3972754,0.0,600064,293,4613.716666666666,9999.0
2270,-0.0027833125,2.699816,602112,263.35893869400024,0.8125304579734802,0.00043658394,1.9352596,9.765625e-05,602112,294,4613.716666666666,9999.0
2294,-0.0038147233,2.5023675,604160,264.26140689849854,0.8440298438072205,0.0003773419,1.0699828,0.0010742188,604160,295,4613.716666666666,9999.0
2296,-0.003182131,2.6653285,606208,265.1599717140198,0.8395088016986847,0.00034930688,0.95315087,0.0001953125,606208,296,4613.716666666666,9999.0
2278,-0.006133392,2.1898484,608256,266.0519926548004,0.7783444970846176,0.0014754056,0.9337026,0.005078125,608256,297,4613.716666666666,9999.0
2296,-0.0031647373,2.3963056,610304,266.95146584510803,0.7543604373931885,0.0014624868,3.2840772,0.004003906,610304,298,4612.9672131147545,9999.0
2293,-0.0035991513,2.650846,612352,267.84359884262085,0.8373895585536957,0.00052582537,1.5856336,4.8828126e-05,612352,299,4612.9672131147545,9999.0
2276,-0.0018841003,2.3848023,614400,268.7368860244751,0.8339619785547256,0.00018209012,1.2111957,0.0,614400,300,4612.9672131147545,9999.0
2284,-0.006056023,2.693293,616448,269.64271092414856,0.8207514733076096,0.0009161007,0.87605554,0.003857422,616448,301,4612.9672131147545,9999.0
2276,-0.004573426,2.2024179,618496,270.53965878486633,0.7991674840450287,0.0009794703,0.8612388,0.0015625,618496,302,4612.9672131147545,9999.0
2270,-0.0020034101,2.5061963,620544,271.4397509098053,0.6971898376941681,0.0017703939,3.6416767,0.00092773436,620544,303,4612.080645161291,9999.0
2289,-0.0026335963,2.6833472,622592,272.342218875885,0.7737016528844833,0.00033796494,1.5472262,0.0,622592,304,4612.080645161291,9999.0
2293,-0.0028890197,2.5360627,624640,273.2372930049896,0.8766352981328964,0.00034520283,0.78938323,0.00024414062,624640,305,4612.080645161291,9999.0
2287,-0.006811785,2.7314448,626688,274.1361527442932,0.8267193287611008,0.0005281776,0.72727704,0.00092773436,626688,306,4612.080645161291,9999.0
2259,-0.005028407,2.4068642,628736,275.03184270858765,0.7949603646993637,0.0013596162,0.9765949,0.0014160157,628736,307,4612.080645161291,9999.0
2282,-0.0017327272,2.5412896,630784,275.938542842865,0.6923179626464844,0.000700272,3.9846396,0.0,630784,308,4612.539682539683,9999.0
2288,-0.0018272374,2.6113396,632832,276.83622765541077,0.7610393464565277,0.00015808843,1.8163574,0.0,632832,309,4612.539682539683,9999.0
2275,-0.0018617769,2.5936966,634880,277.73141074180603,0.8560859709978104,9.3169285e-05,1.1077703,0.0,634880,310,4612.539682539683,9999.0
2294,-0.005922409,2.671927,636928,278.6371738910675,0.7622050791978836,0.00042284746,1.119405,0.0,636928,311,4612.539682539683,9999.0
2275,-0.0033914254,2.2900054,638976,279.5301778316498,0.8135709464550018,0.0007316774,0.9565872,0.0,638976,312,4612.539682539683,9999.0
2302,-0.0011717305,2.5291305,641024,280.4306449890137,0.6593874096870422,0.00042350628,3.8324165,0.0,641024,313,4613.125,9999.0
2283,-0.004230667,2.515923,643072,281.32047986984253,0.8680537939071655,0.0011384111,1.1740146,0.004199219,643072,314,4613.125,9999.0
2263,-0.0014165802,2.512353,645120,282.2177357673645,0.8292525410652161,0.00024203677,1.0251024,0.0,645120,315,4613.125,9999.0
2297,-0.0049350313,2.4489448,647168,283.12854290008545,0.7839540094137192,0.00040363078,0.86786664,0.00034179687,647168,316,4613.125,9999.0
2304,-0.006636259,2.0560749,649216,284.02025389671326,0.7713490426540375,0.0015228848,0.890118,0.007421875,649216,317,4613.125,9999.0
2284,-0.0014965514,2.3718126,651264,284.90946769714355,0.7269201874732971,0.00053024536,4.4721975,4.8828126e-05,651264,318,4613.507692307692,9999.0
2294,-0.0024610811,2.3368576,653312,285.80632972717285,0.8048132210969925,0.00019801664,1.4294465,0.0,653312,319,4613.507692307692,9999.0
2312,-0.0030293586,2.3770676,655360,286.69920587539673,0.7848585695028305,0.00042334417,1.3695276,0.0015625,655360,320,4613.507692307692,9999.0
2301,-0.001534471,2.1993287,657408,287.59098076820374,0.7203922271728516,0.0001423453,1.286289,4.8828126e-05,657408,321,4613.507692307692,9999.0
2311,-0.0009034155,1.9008747,659456,288.48107290267944,0.7864390760660172,7.820755e-05,1.377918,0.0,659456,322,4613.507692307692,9999.0
2286,-0.0011383386,2.298533,661504,289.3676218986511,0.7591744959354401,0.000103959326,3.9697483,0.0,661504,323,4611.348484848485,9999.0
2305,-0.0029667388,2.3258758,663552,290.26369285583496,0.8489988148212433,0.00018127468,1.3040888,0.0,663552,324,4611.348484848485,9999.0
2317,-0.0047986466,2.3389082,665600,291.1523447036743,0.7742409408092499,0.0004303433,1.22353,0.0007324219,665600,325,4611.348484848485,9999.0
2293,-0.002712249,2.1572375,667648,292.04204988479614,0.7132363617420197,0.00031331234,1.1701727,0.0,667648,326,4611.348484848485,9999.0
2275,-0.0018874174,2.075529,669696,292.9354078769684,0.8022701740264893,0.00018676235,0.9222124,0.0,669696,327,4611.348484848485,9999.0
1869,-0.0011038566,2.3898203,671744,293.83590483665466,0.7430956959724426,9.6588556e-05,4.3894815,0.0,671744,328,4609.179104477612,9999.0
1901,-0.0019824684,2.4191785,673792,294.9316668510437,0.8587208688259125,0.00013554879,1.3473327,0.0,673792,329,4609.179104477612,9999.0
1865,-0.004316049,2.4157062,675840,296.00907278060913,0.7983066886663437,0.0008273553,1.0416582,0.0045898436,675840,330,4609.179104477612,9999.0
1887,-0.002598653,2.0599842,677888,297.1138496398926,0.7876868844032288,0.00040604005,0.705961,4.8828126e-05,677888,331,4609.179104477612,9999.0
1888,-0.0013327969,2.033471,679936,298.1995668411255,0.5440406501293182,0.00020416682,3.5734317,0.0,679936,332,4608.0,9999.0
1858,-0.0029828772,2.2776194,681984,299.28446793556213,0.8272835165262222,0.00031378097,1.9814955,0.0,681984,333,4608.0,9999.0
1820,-0.0012246284,2.2120318,684032,300.38711190223694,0.800656646490097,7.685513e-05,1.7528576,0.0,684032,334,4608.0,9999.0
1842,-0.006455788,2.3258138,686080,301.5125997066498,0.8313290774822235,0.0007916102,0.8209923,0.0028808594,686080,335,4608.0,9999.0
1864,-0.0052172197,2.0847876,688128,302.63033866882324,0.8096350431442261,0.0007971871,0.63405925,0.002783203,688128,336,4608.0,9999.0
2236,-0.0013054865,2.1408474,690176,303.72897481918335,0.5756355822086334,0.00037463225,3.4485695,0.0,690176,337,4607.101449275362,9999.0
2298,-0.0032588802,2.4898484,692224,304.6452627182007,0.8493980467319489,0.00040997425,1.5152977,0.00014648438,692224,338,4607.101449275362,9999.0
2288,-0.0020388444,2.2132294,694272,305.53660583496094,0.8281794041395187,0.0003400426,1.5726265,0.0,694272,339,4607.101449275362,9999.0
2269,-0.0041683214,2.484622,696320,306.43188190460205,0.7775913923978806,0.00025037088,1.2166697,4.8828126e-05,696320,340,4607.101449275362,9999.0
2257,-0.002403648,2.199713,698368,307.34040689468384,0.7549264132976532,0.00023371824,0.9219325,0.0,698368,341,4607.101449275362,9999.0
2282,-0.0016886446,2.294225,700416,308.24802684783936,0.5697658956050873,0.00014463831,3.7281902,0.0,700416,342,4607.114285714286,9999.0
2283,-0.005332199,2.6321561,702464,309.14557576179504,0.8237060606479645,0.0006412466,1.6340872,0.0012695312,702464,343,4607.114285714286,9999.0
2271,-0.002773575,2.1986122,704512,310.0428168773651,0.8077266216278076,0.00056673365,1.4084753,0.0,704512,344,4607.114285714286,9999.0
2292,-0.0059729205,2.47259,706560,310.9446277618408,0.8155148178339005,0.0018120373,1.1043062,0.007080078,706560,345,4607.114285714286,9999.0
2288,-0.002974696,2.046801,708608,311.8442578315735,0.793832391500473,0.00042935237,0.9380889,9.765625e-05,708608,346,4607.114285714286,9999.0
2290,0.00018492927,2.1894853,710656,312.73955392837524,0.612738847732544,0.00056456076,3.796086,0.0,710656,347,4605.380281690141,9999.0
2289,-0.0032426894,2.4380114,712704,313.63387084007263,0.8123743981122971,0.0006005584,1.5489193,0.00092773436,712704,348,4605.380281690141,9999.0
2282,-0.0009294171,2.3257842,714752,314.52887177467346,0.8662249445915222,0.00021596838,1.4723718,0.0,714752,349,4605.380281690141,9999.0
2267,-0.003802605,2.5043197,716800,315.42657375335693,0.7980652302503586,0.0005056268,0.9614167,0.00048828125,716800,350,4605.380281690141,9999.0
2294,-0.006135148,2.1413784,718848,316.33557176589966,0.7883649468421936,0.00068971934,0.95779437,0.0018066406,718848,351,4605.380281690141,9999.0
2288,-0.0013540653,2.3117366,720896,317.2285659313202,0.6014513075351715,0.00059154874,3.7827048,0.00029296876,720896,352,4605.361111111111,9999.0
2255,-0.001803297,2.4104548,722944,318.12374663352966,0.8081774115562439,0.00022750022,1.6714547,0.0,722944,353,4605.361111111111,9999.0
2203,-0.002453677,2.3967297,724992,319.03196692466736,0.8449914157390594,0.00069517223,1.4560621,0.0010742188,724992,354,4605.361111111111,9999.0
2278,-0.008541152,2.382917,727040,319.96180987358093,0.7352796196937561,0.0025038011,1.2370508,0.021875,727040,355,4605.361111111111,9999.0
2261,-0.003396343,1.8498055,729088,320.8665306568146,0.8243732899427414,0.0006532481,0.7982649,0.0022949218,729088,356,4605.361111111111,9999.0
2253,-0.00091680075,2.115655,731136,321.7725977897644,0.6868196427822113,0.00038516248,4.4215226,0.0,731136,357,4604.86301369863,9999.0
2300,-0.0019920487,2.2623832,733184,322.681786775589,0.8840411081910133,0.00014300799,1.0795757,4.8828126e-05,733184,358,4604.86301369863,9999.0
2292,-0.009502527,2.2400746,735232,323.5725727081299,0.8762260600924492,0.00088690815,1.1603602,0.0035644532,735232,359,4604.86301369863,9999.0
2296,-0.0031894844,2.1333637,737280,324.46617698669434,0.761847972869873,0.00075548654,0.9287394,0.0011230469,737280,360,4604.86301369863,9999.0
2281,-0.0015143821,1.7750609,739328,325.36453080177307,0.7570424824953079,0.0004806292,0.9813889,0.00068359374,739328,361,4604.86301369863,9999.0
2285,-0.0013910043,2.1862824,741376,326.26254892349243,0.731145441532135,0.00062054576,4.6995745,0.00014648438,741376,362,4602.540540540541,9999.0
2279,-0.0015665697,2.324456,743424,327.1589779853821,0.8185503780841827,0.0001246646,1.6585745,0.0,743424,363,4602.540540540541,9999.0
2312,-0.007216338,2.2429748,745472,328.05761194229126,0.8861074447631836,0.0009182251,1.0023513,0.0060058595,745472,364,4602.540540540541,9999.0
2289,-0.0032927052,2.072614,747520,328.94373989105225,0.8173242956399918,0.00050743564,0.82246256,0.0028320313,747520,365,4602.540540540541,9999.0
2302,-0.0020108502,1.9824018,749568,329.84429574012756,0.8158028423786163,0.00018897024,0.90742457,9.765625e-05,749568,366,4602.540540540541,9999.0
2325,-0.0017447087,2.2565546,751616,330.7341697216034,0.7379478514194489,0.00019024122,4.4292006,4.8828126e-05,751616,367,4601.2266666666665,9999.0
2317,-0.0019727354,2.258659,753664,331.6151616573334,0.8830532282590866,0.00015747514,1.4493349,0.0,753664,368,4601.2266666666665,9999.0
2290,-0.004523239,2.2634263,755712,332.49924969673157,0.8301136791706085,0.0006764004,1.3816125,0.0034667968,755712,369,4601.2266666666665,9999.0
2299,-0.0056951134,1.9983829,757760,333.39375162124634,0.7257586419582367,0.0006032593,1.0289197,0.002783203,757760,370,4601.2266666666665,9999.0
2257,-0.0032926812,2.1286905,759808,334.2903296947479,0.8008273541927338,0.0013049406,0.8612757,0.008007812,759808,371,4601.2266666666665,9999.0
2299,-0.002065602,2.340075,761856,335.1978359222412,0.7499079704284668,0.00024497556,4.4405828,0.0001953125,761856,372,4601.5921052631575,9999.0
2294,-0.00079406815,2.2227077,763904,336.0887198448181,0.8601540327072144,0.00017664395,1.8664541,0.0,763904,373,4601.5921052631575,9999.0
2289,-0.007090231,2.3156765,765952,336.9815158843994,0.8304551839828491,0.0015985823,0.92703515,0.012939453,765952,374,4601.5921052631575,9999.0
2313,-0.005309187,1.9524796,768000,337.8764808177948,0.7638097703456879,0.0012336306,0.95100725,0.0024414062,768000,375,4601.5921052631575,9999.0
2315,-0.0017207062,2.123053,770048,338.7677319049835,0.5996370017528534,0.00069802336,3.8188195,0.00048828125,770048,376,4601.987012987013,9999.0
2296,-0.006212251,2.3049102,772096,339.6525046825409,0.8640158176422119,0.00075233803,1.7178886,0.0039550783,772096,377,4601.987012987013,9999.0
2302,-0.0014044899,1.9361537,774144,340.5445249080658,0.8747541159391403,6.263387e-05,1.1688159,0.0,774144,378,4601.987012987013,9999.0
2304,-0.0055715246,2.2511284,776192,341.4344177246094,0.8605313450098038,0.00017349939,0.93117297,0.00014648438,776192,379,4601.987012987013,9999.0
2309,-0.0042425827,1.9519422,778240,342.3234758377075,0.775935560464859,0.00074834295,0.9161011,0.0026367188,778240,380,4601.987012987013,9999.0
2300,-0.0015844948,2.195255,780288,343.21632981300354,0.6473421454429626,0.00031901512,3.1977205,0.0,780288,381,4601.75641025641,9999.0
2276,-0.0028646968,2.4671605,782336,344.1069839000702,0.9082217440009117,0.0004685042,1.2617661,0.0018554687,782336,382,4601.75641025641,9999.0
2265,-0.002127301,1.833176,784384,345.0068709850311,0.8559589833021164,0.00054882996,1.4843222,0.0024902343,784384,383,4601.75641025641,9999.0
2316,-0.005058132,2.2979257,786432,345.9114077091217,0.8610748052597046,0.00026611978,1.1197722,0.0011230469,786432,384,4601.75641025641,9999.0
2292,-0.0017193612,1.9561079,788480,346.795697927475,0.8366430401802063,0.00013898106,1.0332649,0.0,788480,385,4601.75641025641,9999.0
2314,-0.0011624704,2.1304307,790528,347.69502878189087,0.6479161381721497,0.00018523065,3.2639918,0.0,790528,386,4599.7594936708865,9999.0
2333,-0.0030866358,2.391892,792576,348.5802319049835,0.8430478721857071,0.00031546835,1.9981916,0.00024414062,792576,387,4599.7594936708865,9999.0
2306,-0.0027560182,2.0134227,794624,349.45843482017517,0.8996612802147865,0.00029396923,1.2748682,0.0015136718,794624,388,4599.7594936708865,9999.0
2316,-0.0045782374,2.406521,796672,350.3469047546387,0.8520755618810654,0.00034635956,0.96603835,0.00034179687,796672,389,4599.7594936708865,9999.0
2295,-0.00637915,1.9735378,798720,351.2313528060913,0.8361038714647293,0.00078710465,0.803751,0.004345703,798720,390,4599.7594936708865,9999.0
2336,-0.0010213793,2.2533612,800768,352.1294746398926,0.6530253887176514,0.00020268434,3.3659058,0.0,800768,391,4599.3,9999.0
2298,-0.0030456842,2.2743924,802816,353.0064158439636,0.8747798353433609,0.00015162566,1.4379741,0.0001953125,802816,392,4599.3,9999.0
2283,-0.0017737165,2.2084508,804864,353.89764976501465,0.8913450017571449,9.463497e-05,1.5364921,0.0,804864,393,4599.3,9999.0
2293,-0.008857093,2.5029411,806912,354.7947428226471,0.784364640712738,0.0015867561,1.0109888,0.016113281,806912,394,4599.3,9999.0
2298,-0.0032734037,1.9366449,808960,355.6879370212555,0.8355824202299118,0.0006209,0.713802,0.00014648438,808960,395,4599.3,9999.0
2312,-0.0008089074,2.2935286,811008,356.58519291877747,0.683517724275589,0.00030109467,3.8056843,0.0,811008,396,4600.259259259259,9999.0
2298,-0.003899771,2.1988711,813056,357.4713206291199,0.8671267330646515,0.00042563825,1.3471949,0.0014648438,813056,397,4600.259259259259,9999.0
2328,-0.003648014,2.189649,815104,358.36262679100037,0.8963124826550484,0.0003230318,1.1039319,0.00048828125,815104,398,4600.259259259259,9999.0
2254,-0.0037494465,2.34334,817152,359.2426586151123,0.7330200672149658,0.00037167876,1.0713439,0.0005859375,817152,399,4600.259259259259,9999.0
1808,-0.0025693648,1.9249105,819200,360.15183877944946,0.8185685575008392,0.00018143425,0.932848,0.0,819200,400,4600.259259259259,9999.0
2096,-0.0022153417,2.307963,821248,361.2919268608093,0.7714178115129471,0.00051786506,3.6654778,0.0008789062,821248,401,4599.036585365854,9999.0
2053,-0.003626539,2.2017453,823296,362.26960587501526,0.8376048356294632,0.00089823955,1.4059302,0.0013671875,823296,402,4599.036585365854,9999.0
2029,-0.0017203927,2.2501917,825344,363.2675178050995,0.9087222293019295,0.00016186037,1.2515186,0.0,825344,403,4599.036585365854,9999.0
2158,-0.008344728,2.3668382,827392,364.2772297859192,0.8244627118110657,0.0019913262,0.7456886,0.017529298,827392,404,4599.036585365854,9999.0
2097,-0.0040357346,2.219899,829440,365.226313829422,0.8116008937358856,0.0005992404,0.96904117,0.00083007815,829440,405,4599.036585365854,9999.0
2169,-0.0021801624,2.4927757,831488,366.20922899246216,0.7880648523569107,0.00024850536,3.800035,0.0,831488,406,4599.8674698795185,9999.0
1986,-0.00312228,2.2567444,833536,367.15355491638184,0.8892522901296616,0.0004391671,1.1874453,0.0005859375,833536,407,4599.8674698795185,9999.0
1798,-0.005155232,2.3288982,835584,368.1857089996338,0.8734005838632584,0.0011669982,1.1563781,0.009619141,835584,408,4599.8674698795185,9999.0
2296,-0.0061042886,2.388085,837632,369.32508182525635,0.8368025720119476,0.00047424342,0.70356387,0.0007324219,837632,409,4599.8674698795185,9999.0
2297,-0.0031640206,2.3161287,839680,370.2173607349396,0.7843383252620697,0.00031114955,1.1591218,0.00034179687,839680,410,4599.8674698795185,9999.0
2313,-0.0023668052,2.5384092,841728,371.1146938800812,0.7890366464853287,0.00018413196,4.116404,0.00014648438,841728,411,4600.261904761905,9999.0
2297,-0.0012744343,2.250361,843776,372.0001516342163,0.8904204294085503,0.00025016535,1.2637603,9.765625e-05,843776,412,4600.261904761905,9999.0
2298,-0.005377651,2.4076602,845824,372.89187383651733,0.8313078135251999,0.00046158434,1.3464643,0.002734375,845824,413,4600.261904761905,9999.0
2055,-0.0034124032,2.3519735,847872,373.7832009792328,0.8226418644189835,0.00025576464,0.81761616,0.0,847872,414,4600.261904761905,9999.0
1761,-0.0024144216,2.3383358,849920,374.77991580963135,0.5942769944667816,0.00033225445,3.6434073,0.00029296876,849920,415,4601.752941176471,9999.0
2101,-0.0026429105,2.5287483,851968,375.9497618675232,0.8862819001078606,0.00023235893,1.8770889,4.8828126e-05,851968,416,4601.752941176471,9999.0
1775,-0.0029249885,2.1207135,854016,376.92476987838745,0.8909557163715363,0.0002329485,1.1386198,0.00024414062,854016,417,4601.752941176471,9999.0
2131,-0.0060702926,2.4082665,856064,378.0785479545593,0.8734035640954971,0.00041351165,0.92585784,0.001171875,856064,418,4601.752941176471,9999.0
2118,-0.0035294779,2.293335,858112,379.039785861969,0.8232338428497314,0.00029455606,0.9435922,0.0004394531,858112,419,4601.752941176471,9999.0
2072,-0.002771282,2.3342233,860160,380.0068197250366,0.6752363443374634,0.00019074124,3.0630214,0.0,860160,420,4603.03488372093,9999.0
1955,-0.0044508525,2.6054928,862208,381.0011477470398,0.8847876340150833,0.0005534433,1.62229,0.0036621094,862208,421,4603.03488372093,9999.0
1787,-0.003388583,2.0186782,864256,382.0486567020416,0.8996044397354126,0.00072164676,1.1217523,0.0028320313,864256,422,4603.03488372093,9999.0
1990,-0.004897279,2.3963146,866304,383.1945688724518,0.8647351562976837,0.00034349316,0.85195637,0.0009765625,866304,423,4603.03488372093,9999.0
1975,-0.005394926,2.2197099,868352,384.2238368988037,0.8549691736698151,0.00080546876,0.8570328,0.0046875,868352,424,4603.03488372093,9999.0
2082,-0.0025453914,2.2306333,870400,385.2609348297119,0.6742646098136902,0.0003281647,3.3960528,0.00029296876,870400,425,4604.298850574713,9999.0
1884,-0.0029663667,2.6465702,872448,386.2514138221741,0.8990160524845123,0.00021588875,1.4422983,0.0,872448,426,4604.298850574713,9999.0
1757,-0.0024876448,1.893478,874496,387.3389627933502,0.8932011350989342,0.00028431215,1.2449942,4.8828126e-05,874496,427,4604.298850574713,9999.0
1756,-0.0045804987,2.4355874,876544,388.50529289245605,0.8759050071239471,0.0006562519,0.93243283,0.0025390624,876544,428,4604.298850574713,9999.0
1788,-0.0055308295,2.1279352,878592,389.6716527938843,0.8676850646734238,0.00084891357,0.872423,0.0020507812,878592,429,4604.298850574713,9999.0
1720,-0.0005073768,2.082796,880640,390.81692695617676,0.7072536051273346,0.0001963906,3.1741405,0.0,880640,430,4605.056818181818,9999.0
1847,-0.0016309712,2.3705378,882688,392.01310086250305,0.8908378779888153,9.747173e-05,1.3866193,0.0,882688,431,4605.056818181818,9999.0
1715,-0.005560369,1.9950689,884736,393.1221628189087,0.9205142185091972,0.0009734096,1.0526716,0.008251953,884736,432,4605.056818181818,9999.0
2071,-0.0047882795,2.3598979,886784,394.3165647983551,0.8679373562335968,0.0004797817,0.799313,0.0014160157,886784,433,4605.056818181818,9999.0
1719,-0.0031902243,1.9897089,888832,395.3054988384247,0.8641618192195892,0.0003142617,0.7535552,0.00048828125,888832,434,4605.056818181818,9999.0
2035,-0.002138073,2.1239657,890880,396.49677777290344,0.6864912211894989,0.00022247806,3.423348,4.8828126e-05,890880,435,4605.932584269663,9999.0
1838,-0.0036302328,2.1951623,892928,397.50888180732727,0.8859814405441284,0.00026589903,1.426511,0.0008789062,892928,436,4605.932584269663,9999.0
1673,-0.0021104778,2.1798062,894976,398.6232228279114,0.9044284522533417,0.00031728548,1.3600351,0.00014648438,894976,437,4605.932584269663,9999.0
2020,-0.0037628259,2.3132324,897024,399.8474359512329,0.8147201538085938,0.00044018248,0.8956524,0.00029296876,897024,438,4605.932584269663,9999.0
2117,-0.0035986535,2.1236844,899072,400.8616979122162,0.832988977432251,0.0012382814,1.0528944,0.0075683594,899072,439,4605.932584269663,9999.0
2219,-0.0020321656,2.2437842,901120,401.8294746875763,0.7977824658155441,0.0003516436,3.413622,0.00014648438,901120,440,4607.022222222222,9999.0
2172,-0.0033545338,2.2767851,903168,402.7584047317505,0.9305367469787598,0.0002807875,0.8366972,0.0014160157,903168,441,4607.022222222222,9999.0
1844,-0.0032058351,2.2940018,905216,403.7016968727112,0.9268507957458496,0.0004717196,0.9689573,0.00068359374,905216,442,4607.022222222222,9999.0
2000,-0.0059313634,2.3041852,907264,404.812442779541,0.8233268111944199,0.00044369296,0.8182891,0.0001953125,907264,443,4607.022222222222,9999.0
1710,-0.004886336,2.2231536,909312,405.8366856575012,0.8117023855447769,0.00043913285,0.93874234,0.00068359374,909312,444,4607.022222222222,9999.0
2020,-0.0022751023,2.198475,911360,407.034640789032,0.8495562076568604,0.00034175417,3.3917778,0.00034179687,911360,445,4607.934065934066,9999.0
2180,-0.0024225307,2.154387,913408,408.05633878707886,0.8777228370308876,0.00016129817,1.125111,0.00014648438,913408,446,4607.934065934066,9999.0
1828,-0.0046538017,2.1686335,915456,408.9960377216339,0.9205765277147293,0.00044122804,0.9883936,0.0025390624,915456,447,4607.934065934066,9999.0
1899,-0.0072311996,2.1974254,917504,410.1163387298584,0.8322770446538925,0.0012757555,0.90371895,0.009423828,917504,448,4607.934065934066,9999.0
1888,-0.0023157285,2.183295,919552,411.1948878765106,0.8285778164863586,0.0004404444,0.9947621,0.0004394531,919552,449,4607.934065934066,9999.0
2009,-0.0018338918,2.1420097,921600,412.27996492385864,0.8605590909719467,0.00026772887,3.465858,0.00034179687,921600,450,4610.173913043478,9999.0
2199,-0.00318212,1.9836056,923648,413.3052628040314,0.9399809166789055,0.00025302838,0.7909561,0.0005371094,923648,451,4610.173913043478,9999.0
1866,-0.0048101037,2.0970755,925696,414.2366850376129,0.8949111253023148,0.00048697257,0.9785179,0.0022949218,925696,452,4610.173913043478,9999.0
2005,-0.0027956045,2.1291156,927744,415.33424282073975,0.8204344213008881,0.00057070784,1.0374671,0.00083007815,927744,453,4610.173913043478,9999.0
2068,-0.0063513713,2.1804032,929792,416.3559217453003,0.8072581142187119,0.00065419136,0.7626627,0.0038085938,929792,454,4610.173913043478,9999.0
1997,-0.0013592598,2.1667702,931840,417.34657883644104,0.8452243059873581,0.00029111042,3.982547,0.00068359374,931840,455,4610.537634408603,9999.0
2011,-0.0032745402,1.9478276,933888,418.3778157234192,0.904657281935215,0.00022838097,1.1286291,0.00034179687,933888,456,4610.537634408603,9999.0
1731,-0.006418909,2.1174836,935936,419.39661264419556,0.8542071729898453,0.00038692134,1.139111,0.002001953,935936,457,4610.537634408603,9999.0
2038,-0.0027431906,2.1201558,937984,420.579794883728,0.8767975196242332,0.0003453148,0.8742466,0.00083007815,937984,458,4610.537634408603,9999.0
2065,-0.0009861526,2.0759845,940032,421.584951877594,0.6657669246196747,0.00044002105,3.0648377,0.000390625,940032,459,4610.904255319149,9999.0
2085,-0.0057703387,2.2811275,942080,422.57665181159973,0.927892729640007,0.0014650411,1.2003334,0.01303711,942080,460,4610.904255319149,9999.0
2276,-0.003247582,1.8427845,944128,423.5648877620697,0.8951554372906685,0.00045353305,1.2275198,0.0016601563,944128,461,4610.904255319149,9999.0
1475,-0.010080209,2.1993175,946176,424.46505069732666,0.8811862990260124,0.0011461067,0.88993204,0.009667968,946176,462,4610.904255319149,9999.0
1832,-0.010355678,2.1378875,948224,425.853364944458,0.8788171708583832,0.0011653604,0.75272065,0.009277344,948224,463,4610.904255319149,9999.0
1837,-0.0023651246,1.9273344,950272,426.9716069698334,0.6505117118358612,0.0009890015,3.5476594,0.005517578,950272,464,4611.61052631579,9999.0
1889,-0.005392843,2.3991206,952320,428.08696389198303,0.9275397211313248,0.0008882053,1.2634504,0.0063964846,952320,465,4611.61052631579,9999.0
2117,-0.0025907797,1.5801678,954368,429.17847967147827,0.9115318804979324,0.0003683046,1.1477106,0.0014160157,954368,466,4611.61052631579,9999.0
1615,-0.005880197,2.1984754,956416,430.14627981185913,0.9071593508124352,0.00030515846,0.66016346,0.0011230469,956416,467,4611.61052631579,9999.0
1854,-0.006337623,2.0587516,958464,431.41431498527527,0.9077217802405357,0.0011776862,0.7400262,0.013720703,958464,468,4611.61052631579,9999.0
2288,-0.0014197184,1.8666992,960512,432.5192346572876,0.7231249511241913,0.00018007332,3.145101,0.0,960512,469,4612.385416666667,9999.0
2038,-0.004064181,2.3341827,962560,433.41439986228943,0.9414659067988396,0.00017675737,1.0809689,0.000390625,962560,470,4612.385416666667,9999.0
2299,-0.0019149131,1.7169752,964608,434.42481780052185,0.91456139087677,0.00018364532,1.1461124,0.00014648438,964608,471,4612.385416666667,9999.0
1626,-0.0053936252,2.2278252,966656,435.3161368370056,0.8413340896368027,0.00044296068,1.0098808,0.0015625,966656,472,4612.385416666667,9999.0
2068,-0.007917274,1.9967285,968704,436.57612895965576,0.8948715925216675,0.0019073341,0.8269442,0.022851562,968704,473,4612.385416666667,9999.0
2308,-0.0023496938,1.9600626,970752,437.5666527748108,0.7394459247589111,0.00062387343,3.092091,0.003076172,970752,474,4613.103092783505,9999.0
2346,-0.0024935543,2.1362357,972800,438.4542987346649,0.9260754063725471,0.00019771136,1.1094061,0.00034179687,972800,475,4613.103092783505,9999.0
2332,-0.0035764098,1.9084707,974848,439.3334467411041,0.9396634511649609,0.0003049005,0.9010309,0.0007324219,974848,476,4613.103092783505,9999.0
1946,-0.003004404,2.1793256,976896,440.2119779586792,0.8735222965478897,0.00033814492,0.71783465,0.0010253906,976896,477,4613.103092783505,9999.0
2138,-0.0074704736,1.801918,978944,441.2645046710968,0.87122543156147,0.0009805036,0.98755425,0.0063476562,978944,478,4613.103092783505,9999.0
2360,-0.0015544555,1.9456627,980992,442.2225618362427,0.7931254953145981,0.00024661198,3.1934578,0.0005859375,980992,479,4614.34693877551,9999.0
2299,-0.002443916,1.9926043,983040,443.09042096138,0.9269481301307678,0.00015171133,1.0080075,0.0,983040,480,4614.34693877551,9999.0
2157,-0.0056970334,1.8777851,985088,443.98836183547974,0.9335903376340866,0.00047469948,0.842034,0.0017089844,985088,481,4614.34693877551,9999.0
1921,-0.0039013221,2.0302758,987136,444.9379358291626,0.8240885734558105,0.0006238244,0.8238454,0.0016601563,987136,482,4614.34693877551,9999.0
2264,-0.005207372,1.7856112,989184,446.0042428970337,0.8656680732965469,0.00030492846,0.8093446,0.0010253906,989184,483,4614.34693877551,9999.0
2254,-0.0021726226,1.8132498,991232,446.9089789390564,0.8543663769960403,0.0002704946,3.052773,0.00092773436,991232,484,4615.010101010101,9999.0
2310,-0.0038859453,1.8904035,993280,447.81796288490295,0.9002962037920952,0.0006382935,0.95855427,0.0032226562,993280,485,4615.010101010101,9999.0
1940,-0.0026850437,1.7923597,995328,448.7106647491455,0.9073220118880272,0.00020535702,1.120083,0.0011230469,995328,486,4615.010101010101,9999.0
1497,-0.0061384276,1.9112133,997376,449.7664318084717,0.8163085728883743,0.0004645517,0.8679053,0.0020507812,997376,487,4615.010101010101,9999.0
1911,-0.0049002906,1.8012435,999424,451.1347219944,0.8458080440759659,0.00091806625,0.81137246,0.0056152344,999424,488,4615.010101010101,9999.0
